[
  {
    "char": "अ",
    "name": "अ",
    "sound": null
  },
  {
    "char": "आ",
    "name": "आ",
    "sound": null
  },
  {
    "char": "इ",
    "name": "इ",
    "sound": null
  },
  {
    "char": "ई",
    "name": "ई",
    "sound": null
  },
  {
    "char": "उ",
    "name": "उ",
    "sound": null
  },
  {
    "char": "ऊ",
    "name": "ऊ",
    "sound": null
  },
  {
    "char": "ऋ",
    "name": "ऋ",
    "sound": null
  },
  {
    "char": "ए",
    "name": "ए",
    "sound": null
  },
  {
    "char": "ऐ",
    "name": "ऐ",
    "sound": null
  },
  {
    "char": "ओ",
    "name": "ओ",
    "sound": null
  },
  {
    "char": "औ",
    "name": "औ",
    "sound": null
  },
  {
    "char": "क",
    "name": "क",
    "sound": null
  },
  {
    "char": "ख",
    "name": "ख",
    "sound": null
  },
  {
    "char": "ग",
    "name": "ग",
    "sound": null
  },
  {
    "char": "घ",
    "name": "घ",
    "sound": null
  },
  {
    "char": "च",
    "name": "च",
    "sound": null
  },
  {
    "char": "छ",
    "name": "छ",
    "sound": null
  },
  {
    "char": "ज",
    "name": "ज",
    "sound": null
  },
  {
    "char": "झ",
    "name": "झ",
    "sound": null
  },
  {
    "char": "ट",
    "name": "ट",
    "sound": null
  },
  {
    "char": "ठ",
    "name": "ठ",
    "sound": null
  },
  {
    "char": "ड",
    "name": "ड",
    "sound": null
  },
  {
    "char": "ढ",
    "name": "ढ",
    "sound": null
  },
  {
    "char": "त",
    "name": "त",
    "sound": null
  },
  {
    "char": "थ",
    "name": "थ",
    "sound": null
  },
  {
    "char": "द",
    "name": "द",
    "sound": null
  },
  {
    "char": "ध",
    "name": "ध",
    "sound": null
  },
  {
    "char": "प",
    "name": "प",
    "sound": null
  },
  {
    "char": "फ",
    "name": "फ",
    "sound": null
  },
  {
    "char": "ब",
    "name": "ब",
    "sound": null
  },
  {
    "char": "भ",
    "name": "भ",
    "sound": null
  },
  {
    "char": "म",
    "name": "म",
    "sound": null
  },
  {
    "char": "य",
    "name": "य",
    "sound": null
  },
  {
    "char": "र",
    "name": "र",
    "sound": null
  },
  {
    "char": "ल",
    "name": "ल",
    "sound": null
  },
  {
    "char": "व",
    "name": "व",
    "sound": null
  },
  {
    "char": "श",
    "name": "श",
    "sound": null
  },
  {
    "char": "ष",
    "name": "ष",
    "sound": null
  },
  {
    "char": "स",
    "name": "स",
    "sound": null
  },
  {
    "char": "ह",
    "name": "ह",
    "sound": null
  }
]