[
  {
    "char": "A",
    "name": "A",
    "sound": null
  },
  {
    "char": "B",
    "name": "B",
    "sound": null
  },
  {
    "char": "C",
    "name": "C",
    "sound": null
  },
  {
    "char": "D",
    "name": "D",
    "sound": null
  },
  {
    "char": "E",
    "name": "E",
    "sound": null
  },
  {
    "char": "F",
    "name": "F",
    "sound": null
  },
  {
    "char": "G",
    "name": "G",
    "sound": null
  },
  {
    "char": "H",
    "name": "H",
    "sound": null
  },
  {
    "char": "I",
    "name": "I",
    "sound": null
  },
  {
    "char": "J",
    "name": "J",
    "sound": null
  },
  {
    "char": "K",
    "name": "K",
    "sound": null
  },
  {
    "char": "L",
    "name": "L",
    "sound": null
  },
  {
    "char": "M",
    "name": "M",
    "sound": null
  },
  {
    "char": "N",
    "name": "N",
    "sound": null
  },
  {
    "char": "O",
    "name": "O",
    "sound": null
  },
  {
    "char": "P",
    "name": "P",
    "sound": null
  },
  {
    "char": "Q",
    "name": "Q",
    "sound": null
  },
  {
    "char": "R",
    "name": "R",
    "sound": null
  },
  {
    "char": "S",
    "name": "S",
    "sound": null
  },
  {
    "char": "T",
    "name": "T",
    "sound": null
  },
  {
    "char": "U",
    "name": "U",
    "sound": null
  },
  {
    "char": "V",
    "name": "V",
    "sound": null
  },
  {
    "char": "W",
    "name": "W",
    "sound": null
  },
  {
    "char": "X",
    "name": "X",
    "sound": null
  },
  {
    "char": "Y",
    "name": "Y",
    "sound": null
  },
  {
    "char": "Z",
    "name": "Z",
    "sound": null
  }
]