[
  {
    "char": "అ",
    "name": "అ",
    "sound": null
  },
  {
    "char": "ఆ",
    "name": "ఆ",
    "sound": null
  },
  {
    "char": "ఇ",
    "name": "ఇ",
    "sound": null
  },
  {
    "char": "ఈ",
    "name": "ఈ",
    "sound": null
  },
  {
    "char": "ఉ",
    "name": "ఉ",
    "sound": null
  },
  {
    "char": "ఊ",
    "name": "ఊ",
    "sound": null
  },
  {
    "char": "ఋ",
    "name": "ఋ",
    "sound": null
  },
  {
    "char": "ఎ",
    "name": "ఎ",
    "sound": null
  },
  {
    "char": "ఏ",
    "name": "ఏ",
    "sound": null
  },
  {
    "char": "ఐ",
    "name": "ఐ",
    "sound": null
  },
  {
    "char": "ఒ",
    "name": "ఒ",
    "sound": null
  },
  {
    "char": "ఓ",
    "name": "ఓ",
    "sound": null
  },
  {
    "char": "ఔ",
    "name": "ఔ",
    "sound": null
  },
  {
    "char": "క",
    "name": "క",
    "sound": null
  },
  {
    "char": "ఖ",
    "name": "ఖ",
    "sound": null
  },
  {
    "char": "గ",
    "name": "గ",
    "sound": null
  },
  {
    "char": "ఘ",
    "name": "ఘ",
    "sound": null
  },
  {
    "char": "చ",
    "name": "చ",
    "sound": null
  },
  {
    "char": "ఛ",
    "name": "ఛ",
    "sound": null
  },
  {
    "char": "జ",
    "name": "జ",
    "sound": null
  },
  {
    "char": "ఝ",
    "name": "ఝ",
    "sound": null
  },
  {
    "char": "ట",
    "name": "ట",
    "sound": null
  },
  {
    "char": "ఠ",
    "name": "ఠ",
    "sound": null
  },
  {
    "char": "డ",
    "name": "డ",
    "sound": null
  },
  {
    "char": "ఢ",
    "name": "ఢ",
    "sound": null
  },
  {
    "char": "త",
    "name": "త",
    "sound": null
  },
  {
    "char": "థ",
    "name": "థ",
    "sound": null
  },
  {
    "char": "ద",
    "name": "ద",
    "sound": null
  },
  {
    "char": "ధ",
    "name": "ధ",
    "sound": null
  },
  {
    "char": "ప",
    "name": "ప",
    "sound": null
  },
  {
    "char": "ఫ",
    "name": "ఫ",
    "sound": null
  },
  {
    "char": "బ",
    "name": "బ",
    "sound": null
  },
  {
    "char": "భ",
    "name": "భ",
    "sound": null
  },
  {
    "char": "మ",
    "name": "మ",
    "sound": null
  },
  {
    "char": "య",
    "name": "య",
    "sound": null
  },
  {
    "char": "ర",
    "name": "ర",
    "sound": null
  },
  {
    "char": "ల",
    "name": "ల",
    "sound": null
  },
  {
    "char": "వ",
    "name": "వ",
    "sound": null
  },
  {
    "char": "శ",
    "name": "శ",
    "sound": null
  },
  {
    "char": "ష",
    "name": "ష",
    "sound": null
  },
  {
    "char": "స",
    "name": "స",
    "sound": null
  },
  {
    "char": "హ",
    "name": "హ",
    "sound": null
  }
]